MSRR7015 Wire - Nimonic,Nimonic 9016,UK.609
alloy,SWG spool,
"_________________________________________________________________________________",,
MSRR8042 Aluminium,CR111-3/,UK.453
honeycomb,4-5052-0.0025,NA.312
"",slotted,EU.120
"_________________________________________________________________________________",,
MSRR8042 Aluminium,CR111-3/,UK.453
honeycomb,4-5052-0.0025N,NA.312
"",slotted,EU.120
"_________________________________________________________________________________",,
MSRR8042 Aluminium,PAA-3/,UK.453
honeycomb,4-5052-0.0025,NA.312
"",slotted,EU.120
"_________________________________________________________________________________",,
MSRR8046 Aluminium,CR111-1/,UK.453
honeycomb,4-5052-0.0015N,NA.312
"",,EU.120
"_________________________________________________________________________________",,
MSRR8047 Aluminium,CR111-1/,UK.453
honeycomb,4-5052-0.0025,NA.312
"",,EU.120
"_________________________________________________________________________________",,
MSRR8047 Aluminium,PAA-1/,UK.453
honeycomb,4-5052-0.0025,NA.312
"",un-slotted,EU.120
"_________________________________________________________________________________",,
MSRR8049 Aluminium,CR111-1/,UK.453
honeycomb,2-5052-0.004,NA.312
"",slotted,EU.120
"_________________________________________________________________________________",,
MSRR8049 Aluminium,PAA-1/,UK.453
honeycomb,2-5052-0.004,NA.312
"",slotted,EU.120
"_________________________________________________________________________________",,
MSRR8066 Aluminium,Higrid,UK.639
honeycomb,(55lb/ft3),
"_________________________________________________________________________________",,
MSRR8067 Aluminium,CR111-3/,NA.312
honeycomb,8-5052-0.0015N,EU.120
"_________________________________________________________________________________",,
MSRR8070 Aluminium,ALC-1/,UK.453
honeycomb,8-5052-006N-22.,NA.312
"",0,
MSRR8070 Aluminium,CRV-1/,NA.312
honeycomb,8-5052-22.,
"",1-STD-RF,
"________________________________________________________________________________",,
MSRR8070 Aluminium,22.,UK.639
honeycomb,1-1/,
"",8-0.006-5052,
"________________________________________________________________________________",,
MSRR8087 Aluminium,CR111-1/,UK.453
honeycomb,4-5052-0.001N,NA.312
"",,EU.120
"________________________________________________________________________________",,
MSRR8088 Aluminium,CR111-3/,UK.453
honeycomb,8-5052-0.001N,EU.120
"________________________________________________________________________________",,
MSRR8092 Aluminium,CR111-1/,UK.453
honeycomb,4-5052-0.004N,NA.312
"",,EU.120
"________________________________________________________________________________",,
MSRR8093 Aluminium,CR111-3/,UK.453
honeycomb,4-5052-0.0025N,NA.312
"",,EU.120
"________________________________________________________________________________",,
MSRR8095 Aluminium,CR111-1/,UK.453
honeycomb,2-5052-0.004N,NA.312
"",,EU.120
"________________________________________________________________________________",,
MSRR8095 Aluminium,AA5052,UK.453
honeycomb,Al-2.5Mg0.25Cr,NA.312
"",Phosphoric Acid,
"",Anodised,
"",12.7mm cell,
"","size, 0.1mm",
"",thick,
"",unslotted,
"________________________________________________________________________________",,
MSRR8106 Aluminium,3.18 mm cell,NA.312
honeycomb (5052),"size, 0.076 mm",EU.120
"",foil thickness,
"________________________________________________________________________________",,
MSRR8107 Aluminium,4.76 mm cell,NA.312
honeycomb,"size, 0.076 mm",EU.120
"",foil thickness,
MSRR8701 Titanium,9.5 mm cell,Rolls-Royce,
honeycomb,"size, 0.088 mm",,
"",foil thickness,,
"_________________________________________________________________________________",,,
MSRR8702 Titanium,4.76 mm cell,Rolls-Royce,
honeycomb,"size, 0.113 mm",,
"",foil thickness,,
"_________________________________________________________________________________",,,
MSRR8703 Titanium,9.5 mm cell,Rolls-Royce,
honeycomb,"size, 0.238 mm",,
"",foil thickness,,
"_________________________________________________________________________________",,,
MSRR9005 Glass fabric,SLO15/03,UK.587,
prepreg,R-R code VAE,,
"_________________________________________________________________________________",,,
MSRR9012 Wearaway,NML.46,UK.10,7/78
coating,MSRR 9012,UK.261,
"",,NA.2,
"_________________________________________________________________________________",,,
MSRR9012 Epoxy attrition,Epoxy resin,UK.13,
coating - resin,,,
"_________________________________________________________________________________",,,
MSRR9012 Epoxy attrition,Talc + best,,
coating - filler,Italian rubber,,
"",grade 07470,,
"_________________________________________________________________________________",,,
MSRR9016 Heat curing,Eccobond 104,UK.10,836
epoxide resin,Filled grade,UK.6,
adhesive,Parts A and B,UK.261,
"",MSRR 9016,UK.517,
"",,UK.558,
"",,NA.82,
"",,NA.2,
"",,EU.72,
"",,LOCAL,
"_________________________________________________________________________________",,,
MSRR9016 Heat curing,Eccobond 104,UK.10,8/163
epoxide resin,Standard grade,UK.261,
adhesive,Parts A and B,NA.82,
"",MSRR 9016,NA.2,
"",,EU.72,
"",,Local,
"_________________________________________________________________________________",,,
MSRR9024 Film adhesive,Redux 308,UK.273,894
"",MSRR 9024,UK.48,
MSRR9026 Adhesive -,NML 35,UK.261,8/207
Two part.,MSRR 9026,NA.2,
"________________________________________________________________________________",,,
MSRR9026 Resin,Rengel,UK.273,805
"",SV.409,UK.10,
"",AFS 712,UK.6,
"",NML 35,UK.237,
"",(MSRR 9026),UK.261,
"",,UK.517,
"",,NA.89,
"",,NA.2,
"",,EU.74,
"________________________________________________________________________________",,,
MSRR9026 Hardener,Crayamid 140,UK.10,806
"",AFS 525,UK.6,
"",(MSRR 9026),UK.273,
"",,UK.328,
"",,UK.517,
"",,NA.153,
"",,UK.261,
"",,NA.2,
"",,LOCAL,
"________________________________________________________________________________",,,
MSRR9027 Ceramic filled,Rulon LD,UK.584,
PTFE,,,
"________________________________________________________________________________",,,
MSRR9029 Heat resistant,IP9139,UK.261,
aluminium paint,,,
"________________________________________________________________________________",,,
MSRR9029 High-Heat,Deleted,,7/1A
Resisting,,,
Stoving Enamel,,,
"________________________________________________________________________________",,,
MSRR9029 High-Heat,IP 9029 R3,UK.10,7/1D
Resisting,MSRR 9029,UK.261,
Stoving Enamel,R-R code VPC,NA.2,
"________________________________________________________________________________",,,
MSRR9029 Heat resisting,IP 9029,UK.261,
aluminium paint,IP 9029 R1,,
"",R-R code VPC,,
"________________________________________________________________________________",,,
MSRR9029 Thinner,IP 9151,UK.10,7/183
"",(MSRR 9029),UK.261,
"",,NA.2,
MSRR9034 Foaming,Redux 208/4 NA,UK.10,893
adhesive,(R-R code VFH),UK.48,
"",Redux 208/5 NA,UK.453,
"",(R-R code VRD).,UK.517,
"",MSRR 9034,,
"_________________________________________________________________________________",,,
"MSRR9036 Adhesive, heat",EC2214HTNF/,EU.95,
curing one-part,EC3491,NA.304,
epoxy paste,EC2214HT/EC3491,,
"",R-R code VJN,,
"_________________________________________________________________________________",,,
"MSRR9036 Adhesive, heat",EC 2214HT,UK.10,8/210
curing one-part,Scotchweld,UK.108,
epoxy paste,(R-R code VJN),NA.70,
"",MSRR 9036,NA.304,
"_________________________________________________________________________________",,,
MSRR9040 Air Drying,PL82.C3,UK.10,7/22
High Heat,MSRR 9040,,
Resisting,,,
Touch-Up Enamel,,,
Aluminium,,,
"_________________________________________________________________________________",,,
MSRR9040 Air Drying,IP 9138,UK.10,7/22B
High Heat,(PL 82 R1),UK.261,
Resisting,MSRR 9040,NA.2,
Touch-Up Enamel,,,
Aluminium,,,
"_________________________________________________________________________________",,,
MSRR9040 Air Drying,IP 9138,UK.10,
High Heat,(R1 Aerosol),UK.261,
Resisting,MSRR 9040,NA.2,
Enamel,,,
Aluminium,,,
"_________________________________________________________________________________",,,
MSRR9041 Yellow marking,PL 168R1,UK.10,7/84
"paint, water",MSRR 9041,UK.261,
based,,NA.2,
"_________________________________________________________________________________",,,
MSRR9041 Heat resisting,PL.149,UK.10,7/110A
marking paint,(white),UK.261,
"",MSRR 9041,NA.2,
"_________________________________________________________________________________",,,
MSRR9041 Heat resisting,PL.150 R1,UK.10,7/110B
marking paint,(green),UK.261,
"",MSRR 9041,NA.2,
MSRR9041 Heat resisting,PL.152/R1,UK.10,7/110C
marking paint,(black),UK.261,
"",MSRR 9041,NA.2,
"________________________________________________________________________________",,,
MSRR9041 Heat resisting,PL.153,UK.10,7/110D
marking paint,(grey),UK.261,
"",MSRR 9041,NA.2,
"________________________________________________________________________________",,,
MSRR9041 Heat resisting,PL.155-R1,UK.10,7/110E
marking paint,(orange),UK.261,
"",MSRR 9041,NA.2,
"________________________________________________________________________________",,,
MSRR9041 Heat resisting,PL.151,UK.10,7/110F
marking paint,(blue),UK.261,
"",MSRR 9041,NA.2,
"________________________________________________________________________________",,,
MSRR9041 Heat resisting,PL.167-R1,UK.10,7/110G
marking paint,(red),UK.261,
"",MSRR 9041,NA.2,
"________________________________________________________________________________",,,
MSRR9042 Adhesive-Epoxy,NML 76,UK.10,8/208
paste,MSRR 9042,UK.261,
"",,NA.2,
"________________________________________________________________________________",,,
MSRR9042 Nylon flock,WNC/4,UK.10,896
"",(MSRR 9042),LOCAL,
"",(MSRR 9880/5,,
"",R-R code JBU),,
"________________________________________________________________________________",,,
MSRR9042 Adhesive epoxy,Rengel SV 409,UK.48,
paste,Refer to MSRR,,
"",9026 also,,
"________________________________________________________________________________",,,
MSRR9042 Adhesive epoxy,Crayamid 140,UK.328,
paste,Refer to MSRR,,
"",9026 also,,
"________________________________________________________________________________",,,
MSRR9048 Glass fabric,Tyglass,UK.106,
"",Y0383/205-T5,,
"________________________________________________________________________________",,,
MSRR9049 Fibreglass,Tyglas,UK.106,887
cloth,Y0314/205,UK.10,
"",0.003in.,,
"","(0,076 mm.)",,
"",(MSRR 9049),,
MSRR9054 Mica Filled,PL.95 R1,UK.10,773
Coating,(MSRR 9054),UK.261,
"",(R-R code YBP),NA.2,
"_________________________________________________________________________________",,,
MSRR9055 Jointing,Hylomar PL32,UK.7,4/46
compound,(Light),UK.10,
"",MSRR 9055,UK..6,
"",DTD 900/4586,UK.261,
"",,UK.517,
"",,NA.2,
"_________________________________________________________________________________",,,
MSRR9055 Jointing,Hylomar PL32A,UK.7,4/46A
compound,(Light),UK.10,
"",MSRR 9055,UK.6,
"",,UK.261,
"",,UK.517,
"",,NA.2,
"_________________________________________________________________________________",,,
MSRR9055 Jointing,Hylomar PL32,UK.7,4/47
compound,(medium),UK.10,
"",MSRR 9055,UK.6,
"",DTD 900/4586,UK.261,
"",,UK.517,
"",,NA.2,
"_________________________________________________________________________________",,,
MSRR9055 Jointing,Hylomar PL32A,UK.7,4/47A
compound,(Medium),UK.10,
"",MSRR 9055,UK.6,
"",,UK.261,
"",,UK.517,
"",,NA.2,
"_________________________________________________________________________________",,,
MSRR9055 Jointing,Hylomar PL32,UK.7,4/48
compound,(heavy),UK.10,
"",MSRR 9055,UK.6,
"",DTD 900/4586,UK.261,
"",,UK.517,
"",,NA.2,
"_________________________________________________________________________________",,,
MSRR9057 Bronze filled,Le Carbone,UK.602,
carbon composite,JP562,,
"",R-R code XAG,,
MSRR9064 Self-Etch,Base PR 30B,UK.10,774
Primer Two Pack,Catalyst TH 34B,UK.163,
"",Spray reducer T,NA.129,
"",105,,
"",(MSRR 9064),,
"________________________________________________________________________________",,,
MSRR9064 Catalyst for,ACT 149,UK.10,7/248
Chromate Primer,,UK.163,
"",,NA.129,
"________________________________________________________________________________",,,
MSRR9064 Thinners for,T 105,UK.10,781
Self Etch,(MSRR 9064),UK.163,
Primer,(MSRR 1006),,
"________________________________________________________________________________",,,
MSRR9064 Two-pack Epoxy,Base EC96/356,UK.10,799C
Finish Yellow,Gloss Catalyst,UK.163,
and Catalyst,"ACT 196,",NA.129,
BSC381:No356,or Matt,,
"",Catalyst ACT,,
"",199,,
"",MSRR 9064,,
"________________________________________________________________________________",,,
MSRR9064 Two-Pack Epoxy,Base EC96/538,UK.10,792C
"Finish, Red",Gloss Catalyst,UK.163,
BS381C:No538,ACT 196 or,NA.129,
"",Matt catalyst,,
"",ACT 199,,
"",MSRR 9064,,
"________________________________________________________________________________",,,
MSRR9064 Two-Pack Epoxy,Base EC96/693,UK.10,789C
"Finish, Grey,",Gloss Catalyst,UK.163,
Aircraft.,"ACT 196,",NA.129,
BS381C:693,or Matt,,
"",Catalyst ACT,,
"",199,,
"",MSRR 9064,,
"________________________________________________________________________________",,,
MSRR9064 Two Pack Epoxy,Base EC96/801,UK.10,7/171C
"Finish, Matt",Matt black,UK.163,
Black,Catalyst ACT,NA.129,
"",199,,
"",MSRR 9064,,
""
""
""
""
""
""
""
""
""
""
""
""
""
""
""
MSRR9064 Two Pack Epoxy,PR 205 Base,UK.10,766G
Primer and,ACT 205,UK.163,
Catalyst,Catalyst,,
"(Chromate)",MSRR 9064,,
"________________________________________________________________________________",,,
MSRR9064 Two-Pack Epoxy,Base EC75/801,UK.10,788
Gloss Finish,Black,UK.163,
Black and,Gloss Catalyst,NA.129,
Catalyst,ACT 65,,
"",MSRR 9064,,
"________________________________________________________________________________",,,
MSRR9064 Two pack epoxy,Base EC75/801,UK.10,7/171
"Finish, Matt",Matt black,UK.163,
Black,Catalyst ACT 68,NA.129,
"",(DTD5555A),,
"",(MSRR 9064),,
"________________________________________________________________________________",,,
MSRR9064 Two-pack epoxy,Base,UK.10,7/144
Finish,EC75/C6615,UK.163,
"",Aluminium 30P,NA.129,
"",(Bright),,
"",Gloss Catalyst,,
"",ACT 65 or,,
"",Matt Catalyst,,
"",ACT 68,,
"",MSRR 9064,,
"________________________________________________________________________________",,,
"MSRR9064 Enamel, Two-Pack",Base EC75/TN186,UK.10,7/39
"Epoxy Finish,",Aluminium 30N,UK.163,
Aluminium and,Gloss Catalyst,NA.129,
Catalyst,"ACT 65, or",,
"",Matt Catalyst,,
"",ACT 68,,
"",MSRR 9064,,
"________________________________________________________________________________",,,
MSRR9064 Two-Pack Epoxy,Base EC75/693,UK.10,789
"Finish ,Grey,",Gloss Catalyst,UK.163,
Aircraft.,ACT 65 or,NA.129,
BS381C:693,Matt Catalyst,,
"",ACT 68,,
"",MSRR 9064,,
""
""
"",
""
""
""
""
""
""
""
""
""
""
MSRR9064 Two-Pack Epoxy,Base EC75/217,UK.10,791
Green,Gloss Catalyst,UK.163,
"","ACT 65,",NA.129,
"",or Matt,,
"",Catalyst ACT 68,,
"",MSRR 9064,,
"________________________________________________________________________________",,,
MSRR9064 Two-Pack Epoxy,IP9064/2170,UK.10,791A
Green,IP9064/CAT,UK.261,
"",(MSRR 9064),NA.2,
"________________________________________________________________________________",,,
MSRR9064 Two Pack Epoxy,Base EC75/R8016,UK.10,7/256
Clear Enamel,Gloss Catalyst,UK.163,
"",ACT 65 or,NA.129,
"",Matt Catalyst,,
"",ACT 68,,
"________________________________________________________________________________",,,
MSRR9064 Two-Pack Epoxy,Base component,UK.10,790
Finish Clear,EC75/C9071,UK.163,
and Catalyst,Gloss Catalyst,NA.129,
"",ACT 65 or,,
"",Matt Catalyst,,
"",ACT 68,,
"",MSRR 9064,,
"________________________________________________________________________________",,,
MSRR9064 Catalyst for Matt ACT 68,,UK.10,7/249
Enamels,(MSRR 9064),UK.163,
"",,NA.129,
"________________________________________________________________________________",,,
MSRR9064 Catalyst for,ACT 65,UK.10,7/250
Gloss Enamels,(MSRR 9064),UK.163,
"________________________________________________________________________________",,,
"MSRR9064 Thinners, for",T17,UK.10,793
Two-Pack Epoxy,MSRR 9064,UK.163,
Finishes,,NA.129,
"________________________________________________________________________________",,,
MSRR9064 Two-Pack Epoxy,IP9064/6362,UK.10,766A
Primer and,Base +,UK.261,
Catalyst,IP9064/CAT,NA.2,
"",MSRR 9064,,
MSRR9064 Self-Etch,IP9064/4853,UK.10,774A
Primer Two Pack,Etch primer,UK.261,
"",+,NA.2,
"",Catalyst,,
"",IP9064/4854,,
"",spray reducer,,
"",IP9064/TDXL,,
"",MSRR 9064,,
"_________________________________________________________________________________",,,
MSRR9064 Thinners for,IP9064/TDXL,UK.10,781A
Self Etch,Etch Primer,UK.261,
Primer,Thinners,NA.2,
"",MSRR 9064,,
"_________________________________________________________________________________",,,
MSRR9064 Catalyst for,IP9064/CAT,,
epoxy chromate,,,
"primer, and",,,
enamels,,,
"_________________________________________________________________________________",,,
"MSRR9064 Thinners, for",IP9064 Thinners,UK.10,793A
Two-Pack Epoxy,(IP 9064/THIN),UK.261,
Finishes,(MSRR 9064),NA.2,
"_________________________________________________________________________________",,,
MSRR9064 Primer Base,Base,UK.10,7/237
Chromate Dark,IP9064/5555 +,UK.261,
Green,catalyst,NA.2,
"",IP9064/CAT,,
"",MSRR 9064,,
"_________________________________________________________________________________",,,
MSRR9064 Two-Pack Epoxy,IP9064/CLEAR +,UK.10,790A
Finish Clear,IP9064/CAT.,UK.261,
and Catalyst,MSRR 9064,NA.2,
"_________________________________________________________________________________",,,
MSRR9064 Two-Pack Epoxy,IP9064/0000 +,UK.10,795A
Finish White,IP9064/CAT,UK.261,
and Catalyst,MSRR 9064,NA.2,
"_________________________________________________________________________________",,,
MSRR9064 Two Pack Epoxy,Base,UK.40,7/238
Light Admiralty,IP9064/0946 +,UK.10,
Grey Gloss Enamel catalyst,,UK.261,
BS381C No 697,IP9064/CAT,NA.2,
"",MSRR 9064,,
MSRR9064 Two-Pack Epoxy,Base,UK.10,789A
"Finish, Aircraft",IP9064/6930 +,UK.261,
Grey Enamel,Catalyst,NA.2,
Gloss,IP9064/CAT,,
BS381C:693,MSRR 9064,,
"________________________________________________________________________________",,,
MSRR9064 Two-Pack Epoxy,Base,UK.10,7/186
Finish Aircraft,IP9064/6933 +,UK.261,
Matt Grey Enamel,Catalyst,NA.2,
"",IP9064/CAT/M,,
"",MSRR 9064,,
"________________________________________________________________________________",,,
MSRR9064 Two Pack Epoxy,Base,UK.10,7/239
Gloss Black,IP9064/9000 +,UK.261,
Enamel,catalyst,NA.2,
BS381C No 000,IP9064/CAT,,
"",MSRR 9064,,
"________________________________________________________________________________",,,
"MSRR9064 Enamel, Two-Pack",IP9064/8000 +,UK.10,7/39A
"Epoxy Finish,",IP9064/CAT,UK.261,
Aluminium and,MSRR 9064,NA.2,
Catalyst,,,
"________________________________________________________________________________",,,
MSRR9064 Two pack epoxy,IP9064/9003 +,UK.10,7/171A
"finish, Matt",IP9064/CAT,UK.261,
black,MSRR 9064,NA.2,
"________________________________________________________________________________",,,
MSRR9064 Two-Pack Epoxy,IP9064/1100 +,UK.10,7/30A
"Finish, Blue",IP9064/CAT,UK.261,
BSC 381C.110,MSRR 9064,NA.2,
"________________________________________________________________________________",,,
MSRR9064 Two-Pack Epoxy,IP9064/3560 R1,UK.10,799A
Finish Yellow,+,UK.261,
and Catalyst,IP9064/CAT,NA.2,
BSC381:No356,MSRR 9064,,
"________________________________________________________________________________",,,
MSRR9064 Two-Pack Epoxy,IP9064/5380 R1,UK.10,792A
"Finish, Red",+,UK.261,
BS381C:No538,IP9064/CAT,NA.2,
"",MSRR 9064,,
"________________________________________________________________________________",,,
MSRR9064 Two-pack Epoxy,Anodising,UK.261,
"",aluminium,,
"","match,",,
"",IP9064/1987,,
""
""
""
"",
""
""
""
""
""
""
""
""
""
""
""
""
""
""
""
""
""
""
""
""
""
""
""
""
""
""
MSRR9064 Two-pack epoxy,Base IP3/8010 +,UK.10,7/144B
Bright Aluminium,Catalyst,UK.261,
Enamel Finish,IP3/CAT,NA.2,
"",MSRR 9064,,
"________________________________________________________________________________",,,
MSRR9064 Touch-up MSRR,IP9064/9226 +,UK.10,7/241
9226,catalyst,UK.261,
"",IP9064/CAT,NA.2,
"",MSRR 9064,,
"________________________________________________________________________________",,,
MSRR9064 Catalyst for Matt IP9064/CAT/M,,UK.10,7/235
Enamels,MSRR 9064,UK.261,
"",,NA.2,
"________________________________________________________________________________",,,
MSRR9064 Epoxy Paint,IP9064/10A03,UK.10,7/160A
Light Grey,IP9064/CAT,UK.261,
Finish,MSRR 9064,NA.2,
"(Flake Grey)",,,
"________________________________________________________________________________",,,
MSRR9064 Two Pack Epoxy,IP-FP-8000,UK.10,7/269
Fire Retardant,(MSRR 9064),UK.261,
Silver Top coat,,NA.2,
"________________________________________________________________________________",,,
MSRR9064 Two-pack epoxy,IP9064/8010 +,UK.10,7/144A
Bright Aluminium,IP9064/CAT,UK.261,
Enamel Finish,MSRR 9064,NA.2,
"________________________________________________________________________________",,,
MSRR9064 Epoxy,PRIMER BASE,UK.163,
"",PR143,NA.129,
"",MSRR 9064,,
"________________________________________________________________________________",,,
MSRR9072 Primer,NML 52,UK.10,7/82
"",(MSRR 9072),UK.6,
"",,UK.261,
"",,UK.517,
"",,NA.2,
"________________________________________________________________________________",,,
MSRR9073 Moulded carbon,Le Carbone,UK.602,
"composite,",JP845,,
phenolic resin,R-R code XAJ,,
impregnated,,,
"________________________________________________________________________________",,,
MSRR9074 Bronze (30,Le Carbone,UK.602,
percent) filled,JP862,,
carbon composite,R-R code XAK,,
MSRR9085 Cold curing,Silcoset 151,UK.10,843B
silicone,MSRR 9085,UK.6,
compound,,UK.175,
white,,UK.261,
"",,UK.443,
"",,UK.517,
"",,NA.2,
"_________________________________________________________________________________",,,
MSRR9092 Honeycomb Nomex,Hexweb A1-64-3,UK.10,8/248
"",MSRR 9092,UK.48,
"",(cell size 1/8,UK.453,
"",inch),UK.454,
"",,NA.176,
"_________________________________________________________________________________",,,
MSRR9096 Nomex honeycomb,A1-23-19,UK.48,
"",slotted,UK.453,
"_________________________________________________________________________________",,,
MSRR9103 Primer for,Silcoset,UK.10,873
silcoset series,primer,UK.6,
101,MSRR 9103,UK.175,
"",,UK.261,
"",,UK.443,
"",,UK.517,
"",,NA.2,
"_________________________________________________________________________________",,,
MSRR9117 Two-part cold,Silcoset 101,UK.10,879
curing silicone,(MSRR 9117),UK.6,
rubber,,UK.175,
"",,UK.261,
"",,UK.443,
"",,UK.517,
"",,NA.2,
"_________________________________________________________________________________",,,
MSRR9126 Plain weave,Y0094/205,UK.10,8/115
"'E' glass",0.15 mm (0.006,UK.106,
fabric,in.) nominal,Local,
"",thickness,,
"",MSRR 9126,,
"",BS3396-1966,,
"",Part 1 Type,,
"",P6/22,,
MSRR9133 Adhesive,Bostik 1777,UK.10,818
"",(MSRR 9133),UK.6,
"",,UK.133,
"",,UK.224,
"",,UK.261,
"",,UK.517,
"",,UK.589,
"",,NA.19,
"",,NA.2,
"________________________________________________________________________________",,,
MSRR9134 Surface,PL 165,UK.10,7/136
Protection Paint,(Polyimide,UK.163,
Coating,Type Paint),NA.129,
"(Aluminium)",MSRR 9134,,
"________________________________________________________________________________",,,
MSRR9134 Surface,IP 9134,UK.10,7/136A
Protection Paint,MSRR 9134,UK.261,
Coating,,NA.2,
"(Aluminium)",,,
"________________________________________________________________________________",,,
MSRR9134 Surface,IP 9134-R1,UK.10,7/136B
Protection Paint,MSRR 9134,UK.261,
Coating,,NA.2,
"(Aluminium)",,,
"________________________________________________________________________________",,,
MSRR9134 Thinners for,T214,UK.10,7/137
polyimide paints,(MSRR 9134),UK.163,
"",,NA.129,
"________________________________________________________________________________",,,
MSRR9134 Thinners for,S30,UK.261,
Polyimide Paints,,,
"________________________________________________________________________________",,,
MSRR9135 Flashcoat,PL45,UK.10,722
Aluminium,MSRR 9135,UK.261,
"",,NA.2,
"________________________________________________________________________________",,,
MSRR9137 Synthetic Rubber,Pliobond 20,UK.590,
Resin Adhesive,Bonding paste,UK.517,
"",,UK.6,
"________________________________________________________________________________",,,
MSRR9140 Corrosion,SermeTel W,UK.10,7/46
Resistant,(MIL-C-81751),NA.208,
Coating,MSRR9140,,
""
""
""
""
""
""
""
""
""
"",
""
""
""
""
"",
""
""
MSRR9142 Cleaning fluid,S30,UK.10,7/96A
and Thinners,(MSRR 9142),UK.261,
"",,NA.2,
"________________________________________________________________________________",,,
MSRR9142 Surface,PL 163 Clear,UK.10,7/134
Protection Paint,MSRR 9142,UK.261,
Coating,(6965/C8000),NA.2,
"________________________________________________________________________________",,,
MSRR9142 Surface,PL 163A Black,UK.10,7/134A
Protection Paint,MSRR 9142,UK.261,
Coating,,NA.2,
"________________________________________________________________________________",,,
MSRR9142 Surface,High Viscosity,UK.10,7/260
Protection Paint,Brushing Grade,UK.261,
Coating,PL 163,NA.2,
"",MSRR 9142,,
"________________________________________________________________________________",,,
MSRR9144 Polysulphide,PR 1422B-2,UK.10,8/136
compound,Two pack mix,UK.6,
"",Base and,UK.163,
"",accelerator,UK.517,
"",dichromate,NA.87,
"",catalyst,,
"",(DTD900/4868),,
"",(MSRR 9144),,
"",(R-R code VABE),,
"________________________________________________________________________________",,,
MSRR9144 Polysulphide,PR1422-B1/2,UK.10,8/136B
compound,Two pack mix,UK.6,
"",Base and,UK.163,
"",accelerator,NA.87,
"",dichromate,,
"",catalyst,,
"",(MSRR 9144),,
"",(R-R code VABE),,
"________________________________________________________________________________",,,
MSRR9144 Polysulphide,PR1440-B2,UK.10,8/219
compound,Two part sealer,UK.6,
"",SAE-AMS-S-8802,UK.163,
"",Class B,UK.273,
"",(AFS1910 DTD,UK.517,
"",900/6138),NA.87,
"",(MSRR 9144),,
"",R-R code VABF,,
"SRR9144PolysulphidePR1440B-1/2UK.108/2CompoundTwo pack mixUK.6Base andUK.163acceleratorUK.273(MSRR 9144)uk.517(R-R code VABF)NA.87_________________________________________________________________________"
""
"SRR9144PolysulphidePR1440B-1/2UK.108/2CompoundTwo pack mixUK.6Base andUK.163acceleratorUK.273(MSRR 9144)uk.517(R-R code VABF)NA.87_________________________________________________________________________",
"",
""
"SRR9146Cold curingSilcoset 158UK.10872silicone rubberMSRR 9146UK.175(black)UK.441UK.517NA.2_________________________________________________________________________"
""
""
""
MSRR9147 Catalyst,DOW CORNING,UK.10,849
"",N.9162,UK.6,
"",(MSRR 9147),UK.53,
"",,UK.104,
"",,UK.517,
"",,NA.27,
"",,NA.218,
"",,AUS.8,
"",,AS.18,
"",,AS.19,
"",,EU.42,
"",,SA.8,
"________________________________________________________________________________",,,
MSRR9149 Hardener,Aradur 22962,UK.10,8/19
"",(100 percent,UK.517,
"",IPD),EU.74,
"",(MSRR 9149),,
"________________________________________________________________________________",,,
MSRR9150 Epoxy core,EC3500-2,UK.10,8/62A
splicing,Part A and B,UK.6,
adhesive,EC3500 B/A,UK.108,
"",MSRR 9150,UK.517,
"",(R-R Code VGA),UK.575,
"",,NA.70,
"",,NA.2,
"",,EU.95,
"________________________________________________________________________________",,,
MSRR9150 Epoxy core,EC3500-2 PMF,UK.10,8/62C
splicing,MSRR 9150,UK.6,
adhesive,R-R code VGA,UK.108,
"",,UK.517,
"",,UK.575,
"",,NA.70,
"",,NA.2,
"",,EU.95,
"________________________________________________________________________________",,,
MSRR9160 Resin,Aralok 210,UK.10,8/35
"",MSRR 9160,UK.181,
"",,UK.591,
"________________________________________________________________________________",,,
MSRR9164 Polyimide resin,Keramid 601,UK.6,
"",,UK.517,
"________________________________________________________________________________",,,
MSRR9167 Rigid,Nilflam foam,UK.592,
isocyanurate foam,,,
MSRR9170 Hardener,Aradur 976-1,UK.10,8/10A
"",(MSRR 9170),UK.261,
"",,UK.273,
"",,NA.89,
"",,NA.2,
"",,EU.74,
"_________________________________________________________________________________",,,
MSRR9170 Hardener,Roussel Labs,UK.10,8/10B
"",Dapsone,UK.593,
"",Techinical,,
"",(MSRR 9170),,
"_________________________________________________________________________________",,,
MSRR9170 Hardener,HT 9664,UK.10,8/10D
"",(MSRR 9170),UK.261,
"",,UK.273,
"",,NA.89,
"",,NA.2,
"",,EU.74,
"_________________________________________________________________________________",,,
MSRR9171 Adipic acid,Adipic acid,UK.209,
"",,UK.125,
"_________________________________________________________________________________",,,
MSRR9173 Nylon/Molybdenum,Nylon,UK.594,
disulphide anti,11/Molybdenum,,
wear coating,disulphide,,
"",coating,,
"_________________________________________________________________________________",,,
MSRR9174 Film adhesive,Redux 319,UK.10,8/102
"",(MSRR 9174),UK.6,
"",,UK.48,
"",,UK.273,
"",,UK.453,
"",,UK.517,
"_________________________________________________________________________________",,,
MSRR9175 Adhesive epoxy,Redux 219/2NA,UK.6,
film,,UK.48,
"",,UK.453,
"",,UK.517,
"_________________________________________________________________________________",,,
MSRR9176 Water based,PL134/R2,UK.10,7/75
Ceramic paint,(MSRR 9176),UK.261,
"",,NA.2,
MSRR9181 Jointing,PL 93,UK.10,4/18
compound,(MSRR 9181),UK.261,
aluminium high,,NA.2,
temperature,,,
"________________________________________________________________________________",,,
MSRR9184 Steel filled,Resin to MSRR,,
putty,9217,,
"________________________________________________________________________________",,,
MSRR9184 Steel filled,Hardener to,,
putty,MSRR 9266,,
"________________________________________________________________________________",,,
MSRR9184 Steel filled,Steel powder to,UK.570,
putty,MSRR 9880/18,,
"________________________________________________________________________________",,,
MSRR9185 Glass cloth,Y0227/205,UK.106,888
"",MSRR 9185,,
"________________________________________________________________________________",,,
MSRR9185 Glass fabric,Y0227/215,UK.106,
satin weave,,,
"________________________________________________________________________________",,,
MSRR9186 Silicate sealing,PL 179,UK.261,
compound,,,
"________________________________________________________________________________",,,
MSRR9187 Heat resisting,PL 111-R1,UK.261,
"marking paint,",,,
"yellow, cadmium",,,
free,,,
"________________________________________________________________________________",,,
MSRR9187 Heat resisting,PL 111,UK.10,7/276
marking paint,(yellow),UK.261,
"",MSRR 9187,NA.2,
"________________________________________________________________________________",,,
MSRR9187 Thinners,SV 16,UK.261,
"________________________________________________________________________________",,,
MSRR9188 Erosion resistant SE164/802,,UK.163,
paint,SE164/802-C1,,
"________________________________________________________________________________",,,
MSRR9188 Thinners,T209-C1,UK.163,
"________________________________________________________________________________",,,
MSRR9188 Heat Resisting,Deleted,,7/5D
Erosion Resistant,,,
Epoxy Silicone,,,
Coating,,,
White,,,
"SRR9188Heat ResistingIP 9188 R2UK.107/5Erosion Resistant WhiteUK.261Epoxy SiliconeMSRR 9188NA.2CoatingWhite_________________________________________________________________________"
""
"SRR9188Heat ResistingIP 9188 R2UK.107/5Erosion Resistant WhiteUK.261Epoxy SiliconeMSRR 9188NA.2CoatingWhite_________________________________________________________________________"
""
"SRR9188Heat ResistingIP 9188 R2UK.107/5Erosion Resistant WhiteUK.261Epoxy SiliconeMSRR 9188NA.2CoatingWhite_________________________________________________________________________"
""
"SRR9188Heat ResistingIP 9188 R2UK.107/5Erosion Resistant WhiteUK.261Epoxy SiliconeMSRR 9188NA.2CoatingWhite_________________________________________________________________________",
"",
"",
""
""
""
""
""
"",,
"",,
"",
""
""
""
""
""
MSRR9217 Resin,Araldite,UK.10,803
"",MY.750,UK.6,
"",(DTD900/4974),UK.273,
"",(MSRR 9217),UK.265,
"",,UK.517,
"",,EU.74,
"",,UK.261,
"",,NA.89,
"",,NA.2,
"________________________________________________________________________________",,,
MSRR9222 Gold Paint,GBV 20099/10,UK.10,7/182B
"",,EU.129,
"________________________________________________________________________________",,,
MSRR9226 Epoxy Paint,985-111-900,UK.261,7/223
Gloss Black,(IP985-11-900),UK.10,
"",MSRR 9226,NA.2,
"________________________________________________________________________________",,,
MSRR9226 Epoxy Paint,615-155-001,UK.261,7/224
Matt Black,(IP615-155-001),UK.10,
"",MSRR 9226,NA.2,
"________________________________________________________________________________",,,
MSRR9226 Epoxy Paint,985-000-699,UK.261,7/225
Gloss White,(MSRR 9226),UK.10,
"",,NA.2,
"________________________________________________________________________________",,,
MSRR9226 Chromate epoxy,588/0060/3,UK.10,7/98
primer,MSRR 9226,UK.318,
"________________________________________________________________________________",,,
MSRR9226 Chromate epoxy,700-155-003,UK.10,7/98A
primer,(IP,UK.261,
"",700-155-003),NA.2,
"",MSRR 9226,UK.318,
"","Thinners, OMat",,
"",7/150,,
"",MSRR 9226,,
"________________________________________________________________________________",,,
MSRR9226 Epoxy enamel,580/0097/6,UK.10,7/99
grey,MSRR 9226,UK.318,
"________________________________________________________________________________",,,
MSRR9226 Epoxy enamel,985-000-693,UK.10,7/99A
grey,(IP985-000-693),UK.261,
"",MSRR 9226,NA.2,
MSRR9226 Thinners,809/0012/7,UK.10,7/100
"",MSRR 9226,UK.261,
"",,UK.318,
"",,NA.2,
"_________________________________________________________________________________",,,
MSRR9226 Thinners,665-550-025,UK.10,7/150
Rockhard varnish,DTD 5562,UK.261,
"",MSRR 9226,NA.2,
"",(MSRR 1006),,
"",MSRR 9228,,
"_________________________________________________________________________________",,,
MSRR9226 Thinners,665-550-025,UK.10,7/150
Rockhard varnish,DTD 5562,UK.261,
"",MSRR 9226,NA.2,
"",(MSRR 1006),,
"",MSRR 9228,,
"_________________________________________________________________________________",,,
MSRR9226 Epoxy enamel,580/1001/7,UK.10,7/174
Matt black,MSRR 9226,UK.318,
"_________________________________________________________________________________",,,
"MSRR9226 Epoxy enamel,",IP 985-547,UK.261,
clear,,,
"_________________________________________________________________________________",,,
"MSRR9226 Epoxy enamel,",580-1004/5,UK.318,
clear,Clear,,
"_________________________________________________________________________________",,,
"MSRR9226 Epoxy, reducee",IP 985 Reducer,UK.261,
"",(thinner for IP,,
"",985-547 clear),,
"_________________________________________________________________________________",,,
MSRR9228 Rockhard,Tinted green:,UK.10,7/146
varnish,690-450-005,UK.261,
"",(was 444/226).,NA.2,
"",Clear:,,
"",576-450-002,,
"",(was 444/176).,,
"",(DTD.5562),,
"",(MSRR 9228),,
"_________________________________________________________________________________",,,
MSRR9228 Anti-cissing,660-150-007,UK.261,
"agent, Rockhard",,,
MSRR9231 Refractory air,RM51CW,UK.10,8/127
setting cement,DR Mat. Ref.,UK.258,
"",No.000347,,
"",(MSRR 9231),,
"________________________________________________________________________________",,,
MSRR9234 Epoxy,EC15,UK.265,
filler-damping,,,
compound,,,
"________________________________________________________________________________",,,
"MSRR9237 Glass fabric,",Y0212/208,UK.106,
plain weave,,,
"________________________________________________________________________________",,,
"MSRR9237 Glass fabric,",Y0201/205,UK.106,
plain weave,,,
"________________________________________________________________________________",,,
"MSRR9238 Glass fabric,",Tyglas,UK.106,
plain weave,Y0702/000,,
"________________________________________________________________________________",,,
"MSRR9238 Glass fabric,",W0065/000,UK.106,
plain weave,,,
"________________________________________________________________________________",,,
MSRR9240 Resin,Araldite,UK.10,878
"",AY.103-1,UK.6,
"",(MSRR 9240),UK.517,
"",,EU.74,
"",,NA.89,
"",,NA.2,
"________________________________________________________________________________",,,
MSRR9241 Epoxy resin,For resin refer,,
system,to MSRR 9217,,
"",and/or DTD,,
"",900/4973,,
"",For hardener,,
"",refer to MSRR,,
"",1053,,
"________________________________________________________________________________",,,
MSRR9242 Glass fabric,Y0346/208,UK.106,
twill weave,,,
"________________________________________________________________________________",,,
MSRR9242 Glass fabric,Y0346/205,UK.106,
twill weave,,,
""
""
""
""
""
""
""
MSRR9262 Sealing compound,DC 3145 RTV,UK.10,8/168
"",MIL-A-46146,UK.6,
"",(MSRR 9262),UK.53,
"",,UK.517,
"",,NA.27,
"",,NA.218,
"",,NA.315,
"",,AUS.8,
"",,AS.18,
"",,AS.19,
"",,EU.42,
"",,SA.8,
"________________________________________________________________________________",,,
MSRR9262 Primer,PR 1204,UK.53,8/284
"",MSRR 9262,UK.469,
"",,NA.27,
"________________________________________________________________________________",,,
MSRR9264 Wearaway coating,Stycast 82,UK.10,7/121A
"",SI-RS-W 1 RR,EU.72,
"",MSRR 9264,UK.6,
"",,UK.261,
"",,UK.517,
"",,UK.588,
"",,NA.82,
"",,NA.2,
"________________________________________________________________________________",,,
MSRR9264 Primer,S11NC,UK.10,7/185
"",,NA.82,
"",,NA.164,
"________________________________________________________________________________",,,
MSRR9265 Resin,Araldite DBF,UK.10,801A
"",(MSRR 9265),UK.265,
"",,UK.273,
"",,EU.74,
"",,NA.2,
"________________________________________________________________________________",,,
MSRR9266 Hardener,Araldite,UK.10,802
"",HY.951,UK.6,
"",(MSRR 9266),UK.265,
"",(DTD900/4365),UK.273,
"",,UK.517,
"",,EU.74,
"",,NA.2,
MSRR9267 Alumina-silica,Alumina/silica,UK.351,
fibre and,tape,,
derivatives,,,
"_________________________________________________________________________________",,,
MSRR9267 Alumina-silica,Fibertex tape,UK.351,
fibre and,,,
derivatives,,,
"_________________________________________________________________________________",,,
MSRR9268 Refractory,QF 180,UK.10,8/234
Cement,MSRR 9268,UK.351,
"",,UK.471,
"",,NA.4,
"_________________________________________________________________________________",,,
MSRR9269 Liquid aliphatic,LW570,UK.6,
urethane,,UK.299,
prepolymer (high,,UK.517,
modulus),,,
"_________________________________________________________________________________",,,
MSRR9270 Carbon Fibre,Fibredux,UK.10,8/214
unidirectional,914C-TS(6K)-5-38 UK.48,,
Epoxy prepreg,MSRR 9270,UK.453,
"",,NA.176,
"_________________________________________________________________________________",,,
MSRR9272 Film adhesive,Redux 319A-400,UK.10,8/276
"",(MSRR 9272),UK.6,
"",,UK.48,
"",,UK.273,
"",,UK.453,
"",,UK.517,
"_________________________________________________________________________________",,,
MSRR9274 Dry film,PL 237/R1,UK.10,4/43
Lubricant,PL.237/R2,UK.261,
"(molybdenum",MSRR 9274,NA.2,
disulphide),,,
"_________________________________________________________________________________",,,
MSRR9274 Thinner for OMat,IP9151,UK.10,4/83
4/43 (PL 237,(MSRR 9274),UK.261,
only),,,
"_________________________________________________________________________________",,,
MSRR9276 Dry film,IP 9136R1,UK.261,4/44C
lubricant,IP 9136R2,UK.1O,
colloidal,IP 9136R3,NA.2,
graphite,(MSRR 9276),,
MSRR9276 Dry film,PL 239-C1,UK.10,4/44
lubricant,(MSRR 9276),UK.163,
"________________________________________________________________________________",,,
MSRR9276 Thinner for OMat,T 209-C1,UK.10,
4/44 (PL 239-C1,(MSRR 9276),UK.163,
only),,,
"________________________________________________________________________________",,,
MSRR9276 Thinner for OMat,IP9151,UK.10,4/85
4/44C (IP9136,(MSRR 9276),UK.261,
only),,,
"________________________________________________________________________________",,,
MSRR9280 Cyanoacrylate,Def stan 80-146,UK.6,
adhesive,Type 1,UK.10,
"",Loctite 496,UK.79,
"",,UK.517,
"________________________________________________________________________________",,,
MSRR9286 PTFE based,Xylan,UK.10,7/95
coating,1010/F0440,UK.166,
"",Green.,NA.111,
"",Xylan,SA.9,
"",1010/F1161,,
"",Grey.,,
"",F1161 Grey for,,
"",Viton O-ring,,
"",only.,,
"",(MSRR 9286),,
"________________________________________________________________________________",,,
MSRR9286 Cleaning fluid,Whitford,UK.10,7/96
and thinners,Solvent 91,UK.166,
"",(MSRR 9286),UK.261,
"",,NA.111,
"",,NA.2,
"",,SA.9,
"________________________________________________________________________________",,,
MSRR9292 Fibreglass,P2402/196,UK.106,8/254A
cloth,"0,05 mm",UK.10,
"",(nominal),,
"",MSRR 9292,,
""
""
""
""
MSRR9300 Special rubber,MS621 or,UK.10,7/71
solution,S100-R1,UK.244,
"(Elastomeric",Protective,,
lacquer),lacquer -,,
"",Yellow,,
"",R-R code VTB,,
"",(MSRR 9300),,
"",Catalyst - see,,
"",OMat 7/72,,
"________________________________________________________________________________",,,
MSRR9300 Special rubber,IP9300,UK.261,
solution,Protective,,
"(Elastomeric",lacquer -,,
lacquer),Yellow,,
"",R-R code VTB,,
"",(MSRR 9300),,
"________________________________________________________________________________",,,
MSRR9301 Special rubber,MS622 or S101,UK.10,7/131
solution,Protective,UK.244,
"",laquer -,,
"",Black,,
"",R-R code VTC,,
"",(MSRR 9301),,
"",For catalyst -,,
"",see OMat 7/72,,
"________________________________________________________________________________",,,
MSRR9301 Special rubber,IP9301,UK.261,
solution,Protective,,
"",laquer -,,
"",Black,,
"",R-R code VTC,,
"",(MSRR 9301),,
"________________________________________________________________________________",,,
MSRR9303 Aramid fabric 2x2 Kevlar 49,,UK.286,
Twill,,,
"________________________________________________________________________________",,,
MSRR9304 Nomex honeycomb,A1-64-13,UK.48,
"",slotted,UK.453,
"________________________________________________________________________________",,,
MSRR9305 Carbon fibre tow,Torayca,AS.37,
"",T300-3K-40A,,
"________________________________________________________________________________",,,
MSRR9306 Matt black high,PL 73,UK.10,7/148
heat resistant,MSRR 9306,UK.261,
paint,,NA.2,
MSRR9306 Thinners for PL,SV 16 R1,UK.261,
73,,,
"_________________________________________________________________________________",,,
MSRR9307 High temperature,BHD product,UK.497,
sealing compound,30216,,
"_________________________________________________________________________________",,,
MSRR9307 Sealing compound,IP9307,UK.261,
"_________________________________________________________________________________",,,
MSRR9310 Chromate primer,Primer IP 9310,UK.10,7/196
heat resistant,Thinner IP9151,UK.261,
for Magnesium,MSRR 9310,NA.2,
alloys,,,
"_________________________________________________________________________________",,,
"MSRR9314 Epoxy prepreg,",Warp sheet,UK.108,
unidirectional,Scotchply,,
glass,1009-36,,
"_________________________________________________________________________________",,,
MSRR9316 Epoxy attrition,Araldite Rengel,UK.6,
coating,SV 409 (AFS,UK.10,
"",1190),UK.517,
"",,EU.74,
"_________________________________________________________________________________",,,
MSRR9316 Epoxy attrition,Crayamid 140,UK.6,
coating,(AFS 525),UK.10,
"",,UK.328,
"",,UK.517,
"_________________________________________________________________________________",,,
MSRR9316 Foliac graphite,X.2103,UK.10,8/83
"",(MSRR 9316),UK.52,
"",(MSRR 9880/4,UK.10,
"",R-R code JBU),UK.6,
"",,NA.102,
"",,AS.8,
"",,AUS.14,
"",,SA.1,
"_________________________________________________________________________________",,,
MSRR9316 Twin-pack,EPWA27 Black,UK.10,782A
resin system,Preproportioned,UK.6,
"",kit,UK.261,
"",(MSRR 9316),UK.517,
"",,NA.2,
"_________________________________________________________________________________",,,
MSRR9316 Epoxy attrition,Preproportioned,UK.265,
coating,kit PX/HX 443D,,
MSRR9317/1 Carbon fibre tow,Grade 3K Class,AS.37
"",A: Torayca,
"",T300-3000-40A,
"________________________________________________________________________________",,
MSRR9317/2 Carbon fibre tow,Grade 6K Class,AS.37
"",B: Torayca,
"",T300-6000-50B,
"________________________________________________________________________________",,
MSRR9317/7 Carbon fibre tow,Grade 12 K,UK.255
"",Class B: HTA40,EU.130
"",E13 12K 800Tex,AS.38
"________________________________________________________________________________",,
MSRR9317/8 Carbon fibre tow,Grade 12K Class,AS.37
"",B: Torayca,
"",T300B-1K-50B,
"________________________________________________________________________________",,
MSRR9317/9 Carbon fibre tow,Grade 3K CLASS,NA.338
"",B: T650/35 HTS,
"",SIZE,
"________________________________________________________________________________",,
MSRR9317/10 Carbon fibre tow,GRADE 12K CLASS,NA.338
"",B: T650/35,
"",UNSIZED,
"________________________________________________________________________________",,
MSRR9317/11 Carbon fibre tow,HTA40 E13 3K,EU.130
"",200Tex,
"________________________________________________________________________________",,
MSRR9317/12 Carbon fibre tow,HTA40 E13 6K,EU.130
"",400Tex,
"________________________________________________________________________________",,
MSRR6317/13 Carbon fibre tow,Carbon fibre 6K,UK.453
"",IM7,NA.318
"________________________________________________________________________________",,
MSRR9317/14 Carbon fibre tow,Carbon fibre,UK.453
"",12K IM7 5000,NA.318
"________________________________________________________________________________",,
MSRR6317/16 Carbon fibre tow,T300 1K 309 NT,NA.338
"________________________________________________________________________________",,
MSRR9317/17 Carbon fibre tow,T300 3K 309 NT,NA.338
"________________________________________________________________________________",,
MSRR9317/18 Carbon fibre tow,T300 12K 309 NT,NA.338
"________________________________________________________________________________",,
MSRR3917/19 Carbon fibre tow,Carbon fibre,UK.453
"",12K IM7 6000,NA.318
""
"",,
""
"SRR9319PrimerDC 1200UK.10876Available asUK.6Red or ClearUK.53(MSRR 9319)UK.104UK.469UK.517NA.27NA.218AUS.8AS.18AS.19EU.42SA.8_________________________________________________________________________"
""
"SRR9319PrimerDC 1200UK.10876Available asUK.6Red or ClearUK.53(MSRR 9319)UK.104UK.469UK.517NA.27NA.218AUS.8AS.18AS.19EU.42SA.8_________________________________________________________________________",
"",
""
""
MSRR9328 Epoxy Paste,Hysol EA934NA,UK.10,8/52
Adhesive,(2-Part),UK.6,
"",MSRR 9328,UK.163,
"",MMM-A-132,UK.332,
"","Type 1, Class 3",UK.517,
"",,EU.38,
"",,NA.164,
"",,NA.2,
"________________________________________________________________________________",,,
MSRR9330 Filler,Supatex Body,UK.10,8/139
Two pack,Filler,UK.6,
Polyester,(MSRR 9330),UK.409,
"",,UK.517,
"________________________________________________________________________________",,,
MSRR9332 Adhesive,Araldite AV138M,UK.10,8/179
2-Part,or,UK.6,
"",Araldite,UK.273,
"",AV138M-1,UK.265,
"",Used with,UK.517,
"",Hardener HV998,EU.74,
"",(MSRR 9332),NA.89,
"________________________________________________________________________________",,,
MSRR9332 Adhesive 2-part,Araldite 2004,EU.74,
"________________________________________________________________________________",,,
MSRR9333 Cold curing,Xiameter RTV,UK.10,8/133
high strength,4130 J,UK.6,
silicone rubber,(MSRR 9333),UK.53,
"",Used with,UK.517,
"",Primer DC,NA.27,
"",92-023,NA.218,
"",,NA.315,
"",,AUS.8,
"",,AS.18,
"",,AS.19,
"",,EU.42,
"",,SA.8,
"________________________________________________________________________________",,,
MSRR9336 Two pack,PR1440A-2,UK.10,8/5B
brushable,2 Part sealer,UK.163,
anti-chafing,SAE-AMS-8802,UK.273,
polysulphide,Class A,UK.517,
sealing compound,MSRR 9336,NA.87,
"",(R-R code VYZ),,
MSRR9337 Aramid fabric 2x2 Kevlar 49,UK.286,
matt weave,,
"_________________________________________________________________________________",,
MSRR9338 Aramid fabric 5 Kevlar 49,UK.286,
harness satin,,
"_________________________________________________________________________________",,
MSRR9341 Flash Coat Base 23T3,UK.10,7/67
"Paint, Gull Grey Hardener PC-216",UK.249,
BMS 10-86 Type,UK.596,
1 Grade D,NA.326,
"(MSRR 9341)",NA.156,
"",EU.53,
"_________________________________________________________________________________",,
MSRR9349 Aqueous colloidal Monsanto Syton,UK.597,
silica X30,,
"_________________________________________________________________________________",,
MSRR9351 Sodium silicate 120 Grade,UK.47,
solution,,
"_________________________________________________________________________________",,
MSRR9356 Corrosion SermeTel 709,UK.10,7/167
resistant MSRR 9356,NA.208,
coating,,
"_________________________________________________________________________________",,
MSRR9356 Corrosion IP9356 IPTHIN,UK.10,7/167A
resistant IP9356,UK.261,
coating IPTHIN-R1,NA.2,
MSRR 9356,,
"_________________________________________________________________________________",,
MSRR9357 Potting RTV 3120,UK.10,879B
compound catalyst SNW,UK.6,
catalyst S,UK.53,
catalyst F,UK.469,
"(MSRR 9357)",UK.517,
"",NA.2,
"",NA.27,
"",NA.218,
"",NA.319,
"",AUS.8,
"",AS.18,
"",AS.19,
"",EU.42,
"",SA.8,
MSRR9357 Sealant,RTV 88,UK.190,8/138A
2 Part pack,(MSRR 9357),UK.10,
Base and,,NA.108,
catalyst,,NA.125,
"________________________________________________________________________________",,,
MSRR9364 Epoxy resin,Raychem S1125,UK.10,8/104
sealant,(kit 1),UK.6,
"",RT-1011,UK.120,
"",(MSRR 9364),UK.517,
"",(AFS 1884),NA.27,
"",,NA.97,
"",,NA.2,
"________________________________________________________________________________",,,
MSRR9365 Air drying,SermeTel 750,UK.10,7/169
touch-up coating,MSRR 9365,NA.208,
"________________________________________________________________________________",,,
MSRR9368 Fluorinated,Neoflon FEP,UK.290,
polymeric film,film NF0025,UK.598,
"________________________________________________________________________________",,,
MSRR9369 Fluorinated,Neoflon FEP,UK.290,
polymeric film,film NF0250,UK.598,
for heat-shrink,RR Code VML,,
sleeves,,,
"________________________________________________________________________________",,,
MSRR9369 Fluorinated,Niflon/Holscot,UK.290,
polymeric film,FEP film,UK.598,
for heat-shrink,RR Code VAFZ,,
sleeves,,,
"________________________________________________________________________________",,,
MSRR9370 Colour additive,Araldite,UK.10,8/235
Black,DW.0137,UK.6,
"",Colouring,UK.265,
"",paste,UK.517,
"",(MSRR 9370),EU.74,
"",,NA.89,
"________________________________________________________________________________",,,
MSRR9370 Colour additive,Araldite,UK.10,8/235A
Blue,DW.0135,UK.6,
"",Colouring,UK.265,
"",paste,UK.517,
"",(MSRR 9370),EU.74,
"",,NA.89,
MSRR9370 Colour additive,Araldite,UK.10,8/235B
Brown,DW.0136,UK.6,
"",Colouring,UK.265,
"",paste,UK.517,
"",(MSRR 9370),EU.74,
"",,NA.89,
"_________________________________________________________________________________",,,
MSRR9370 Colour additive,Araldite,UK.10,8/235C
White,DW.0131,UK.6,
"",Colouring,UK.265,
"",paste,UK.517,
"",(MSRR 9370),EU.74,
"",,NA.89,
"_________________________________________________________________________________",,,
MSRR9370 Colour additive,Araldite,UK.10,8/235D
Red,DW.0133,UK.6,
"",Colouring,UK.265,
"",paste,UK.517,
"",(MSRR 9370),EU.74,
"",,NA.89,
"_________________________________________________________________________________",,,
MSRR9370 Colour additive,Araldite,UK.10,8/235E
Green,DW.0134,UK.6,
"",Colouring,UK.265,
"",paste,UK.517,
"",(MSRR 9370),EU.74,
"",,NA.89,
"_________________________________________________________________________________",,,
MSRR9370 Colour additive,Araldite,UK.10,8/22
yellow,DW.0132,UK.6,
"",Colouring,UK.265,
"",paste,UK.517,
"",(MSRR 9370),EU.74,
"",,NA.89,
"_________________________________________________________________________________",,,
MSRR9373 Phenolic resin,Carp Brand,UK.599,
sheet,,,
"_________________________________________________________________________________",,,
"MSRR9375 Glass fabric,",Glass tape GT,UK.619,
nominal width,70 (12.5 mm),,
12.5 mm,,,
"_________________________________________________________________________________",,,
MSRR9376 Phenolic resin,Carp Brand,UK.599,
rod,,,
MSRR9377 Phenolic resin,Carp Brand,UK.599,
tube,,,
"________________________________________________________________________________",,,
MSRR9378 Molybdenum,Rocol MHT,UK.52,
disulphide grease,,,
"________________________________________________________________________________",,,
MSRR9379 Anti-seize,Loctite C5-A,UK.10,4/37
lubricant.,(MSRR 9379),UK.79,
"",,UK.124,
"",,NA.80,
"",,NA.2,
"________________________________________________________________________________",,,
MSRR9380 Anti seize,Rocol 797,UK.10,4/56
compound,(MSRR 9380),UK.6,
"",AFS 1925,UK.52,
"",,UK.600,
"",,NA.2,
"",,NA.102,
"",,AS.8,
"",,AUS.14,
"",,SA.1,
"________________________________________________________________________________",,,
MSRR9381 Glass prepreg,914G-7781-37,UK.48,
"",percent,UK.453,
"________________________________________________________________________________",,,
MSRR9383 Carbon/graphite,Graflon HY22,UK.601,
filled PTFE,,,
bearing material,,,
"________________________________________________________________________________",,,
MSRR9384 Carbon fibre and,Polybon M,NA.353,
graphite filled,SMR-0454,,
polyimide bearing,,,
material,,,
"________________________________________________________________________________",,,
MSRR9387 Mica filled PTFE,Fluorosint 500,UK.620,
bearing material,,NA.320,
"________________________________________________________________________________",,,
"MSRR9392 Ceramic fabric, 8 Preshrunk",,UK.106,
harness satin,ceramic fabric,,
"",Siltemp 1584,,
"",R-R code VNG,,
"MSRR9392 Ceramic fabric, 8 Preshrunk",UK.106,
harness satin Tygasil fabric,,
Y0551/003,,
R-R code VNG,,
"_________________________________________________________________________________",,
"MSRR9392 Ceramic fabric, 8 Unshrunk silica",UK.63,
harness satin silica fabric,,
UC-H/D,,
R-R code VAAZ,,
"_________________________________________________________________________________",,
MSRR9394 Air drying PL 270,UK.10,7/169A
touch up coating MSRR 9394,UK.261,
"",NA.2,
"_________________________________________________________________________________",,
MSRR9396 Toughened Loctite F241,UK.10,8/121
Acrylic and No.1,UK.273,
Adhesive Initiator,UK.6,
Loctite A-241,UK.86,
"(DTD900/6102)",UK.517,
"(MSRR 9396)",EU.148,
"",NA.168,
"",NA.219,
"",AU.10,
"_________________________________________________________________________________",,
MSRR9396 Toughened Axiom 100SA,UK.10,8/121C
Acrylic (MSRR 9396),UK.6,
Adhesive,UK.517,
"",UK.133,
"_________________________________________________________________________________",,
MSRR9399 Glass reinforced Tufnol grade,Uk.599,
polimide sheet 6G/92,,
R-R code VHG,,
"_________________________________________________________________________________",,
MSRR9403 Silicone foam Dow Corning,UK.10,8/135A
sealant DC3-6548,UK.6,
Firestop 3-6548,UK.53,
"(MSRR 9403)",UK.469,
"",UK.517,
"",NA.27,
"",NA.218,
"",AUS.8,
"",AS.18,
"",AS.19,
"",EU.42,
"",SA.8,
MSRR9404 Nitrile Rubber,NOVUS 20,UK.634,
bonded,,,
compressed,,,
synthetic fibre,,,
jointing,,,
material,,,
"________________________________________________________________________________",,,
MSRR9408 Graphite grease,Rocol Aerospec,UK.10,405B
"",350,UK.52,
"","MSRR 9408,",UK.6,
"",(Def Stan,NA.2,
"","91-54/2,",NA.102,
"","NATO-G-355,",AS.8,
"",JSD XG-285),AUS.14,
"",,SA.1,
"________________________________________________________________________________",,,
MSRR9409 Anti-Seize,Bostik,UK.10,4/23
"Compound, Pure",Never Seez,UK.133,
Nickel Special,"NSN-165,",NA.19,
"",NSN-16A,NA.2,
"","MIL-PRF-907,",,
"",(MSRR9409),,
"________________________________________________________________________________",,,
MSRR9410 Sealant,Silcoset 153,UK.10,8/42
"(translucent)",MSRR 9410,UK.6,
"",,UK.175,
"",,UK.261,
"",,UK.443,
"",,UK.517,
"",,NA.2,
"________________________________________________________________________________",,,
MSRR9411 Carbon Fibre -,Fibredux,UK.10,8/174
Resin Prepreg,914C-703-40,UK.48,
"",914C-713-40,UK.453,
"",R-R code VNZ,NA.176,
"",MSRR 9411,,
"________________________________________________________________________________",,,
MSRR9417 Polyimide,Polyimide resin,NA.308,
"mouldings,",unfilled Vespel,NA.313,
unfilled,SP-1,,
""
""
""
""
""
""
""
MSRR9444 Corrosion,IP 9183 Base,UK.261
resistant,coat and,
coatings,Smoothseal IP,
"",9444 coating,
"",system,
"________________________________________________________________________________",,
MSRR9449 Insulating,Dalfratex cloth,UK.63
"materials, fabric R-R code XLR",,
"________________________________________________________________________________",,
MSRR9449 Insulating,Dalfratex tape,UK.63
"materials, fabric T-85",,
"",T-718,
"",R-R code XLT,
"________________________________________________________________________________",,
MSRR9449 Insulating,Dalfratex,UK.63
"material, fabric",sleeve,
"",S-F16,
"",S-F20,
"",S-F25,
"",S-F30,
"",R-R code XLU,
"________________________________________________________________________________",,
MSRR9449 Insulating,Promet,UK.63
materials,Dalfratex Batt,
"",Type B1,
"",R-R code XNA,
"________________________________________________________________________________",,
MSRR9449 Insulating,Promet,UK.63
materials,Dalfratex Rope,
"",R-R code XNC,
"________________________________________________________________________________",,
MSRR9449 Insulating,Promet silicate,UK.63
material,glass cord,
"",(430G/KM to,
"",6000G/KM),
"",R-R code XND,
"________________________________________________________________________________",,
MSRR9449 Insulating,Dalfratex Batt,UK.63
"materials, fibre",B-2,
"",R-R code XMT,
MSRR9449 Insulating,Kaowool,UK.480,
"materials, fibre",standard,,
"",blanket,,
"","R-R codes YAP,",,
"","YAQ, YAR",,
"_________________________________________________________________________________",,,
MSRR9449 Insulating,Fiberfrax SP,UK.351,2/233
"materials, fibre",Matt,,
"","R-R codes YAP,",,
"","YAQ, YAR",,
"_________________________________________________________________________________",,,
MSRR9449 Insulating,Fiberfrax SP,UK.351,
"materials, fibre",Matt,,
"","R-R codes YTD,",,
"","YTE, YTF",,
"_________________________________________________________________________________",,,
MSRR9449 Insulating,Fiberfrax FT,UK.351,
"materials, fibre",Paper,,
"",R-R codes YTG,,
"_________________________________________________________________________________",,,
MSRR9449 Insulating,Fiberfrax Tape,UK.351,
"materials, fibre",Grade MR,,
"",R-R codes YCG,,
"_________________________________________________________________________________",,,
MSRR9449 Insulating,Isofrax 1260c,UK.351,
"materials, fibre",Paper,,
"",R-R codes VACX,,
"_________________________________________________________________________________",,,
MSRR9449 Insulating,Unifrax 1600,UK.351,
"materials, fibre",Alumina fibre,,
"",Paper,,
"",R-R codes YNT,,
"_________________________________________________________________________________",,,
MSRR9449 Insulating,Fiberfrax,UK.351,
materials,Durablanket,UK.436,
"","R-R codes YAQ,",,
"",YAR,,
"_________________________________________________________________________________",,,
MSRR9449 Insulating,Kerlane 50,UK.603,
"materials, fibre",paper,,
"",R-R code YAS,,
"_________________________________________________________________________________",,,
MSRR9449 Insulating,Pyronap 50 felt,UK.603,
"materials, fibre",R-R code YAT,,
MSRR9449 Insulating,Kaowool 1260,UK.480
"materials, fibre",paper,
"",R-R code YAU,
"________________________________________________________________________________",,
MSRR9449 Insulating,Zirlane blanket,UK.603
"materials, fibre","R-R codes YAV,",
"","YAW, YAX",
"________________________________________________________________________________",,
MSRR9449 Insulating,Kaowool,UK.480
"materials, fibre",zirconia,
"",blanket,
"","R-R codes YAY,",
"",YAZ,
"________________________________________________________________________________",,
MSRR9449 Insulating,Kerlane 60,UK.603
"materials, fibre",paper,
"",R-R code YBA,
"________________________________________________________________________________",,
MSRR9449 Insulating,Pyronap 60 felt,UK.603
"materials, fibre",R-R code YBB,
"________________________________________________________________________________",,
MSRR9449 Insulating,Polux ST400,UK.604
"materials, fibre",R-R code YBC,
"________________________________________________________________________________",,
MSRR9449 Insulating,Dalfratex,UK.63
"materials, fibre",thread,
"",R-R code XLS,
"________________________________________________________________________________",,
MSRR9449 Insulating,Polux ST300,UK.604
"materials, fibre",sewing thread,
"",R-R code YDW,
"________________________________________________________________________________",,
MSRR9449 Insulating,Tygaflor T2,UK.440
"materials, fibre",E-glass sewing,
"",thread,
"",R-R code YDX,
"________________________________________________________________________________",,
MSRR9449 Insulating,3M GT-23,UK.108
"materials, fibre",E-glass sewing,EU.96
"",thread,
"",R-R code YDY,
""
""
"",
MSRR9449 Insulating,Fibretex Tape,
"material, tape",,
"________________________________________________________________________________",,
MSRR9449 Insulating,Bestobell E8GT,UK.244
"materials, tape",R-R code YCH,
"________________________________________________________________________________",,
MSRR9449 Insulating,Bestobell,UK.244
"materials, tape",E8GT-PS,
"",R-R code YCZ,
"________________________________________________________________________________",,
MSRR9449 Insulating,Fibrefrax,UK.351
materials,ceramic paper,UK.436
"",grade HSA (OF),
"",R-R code YCP,
"________________________________________________________________________________",,
MSRR9449 Insulating,Insulfrax FT,UK.351
materials,paper,UK.436
"",R-R code YCX,
"________________________________________________________________________________",,
MSRR9449 Insulating,Insulfrax,UK.351
materials,blanket,UK.436
"",R-R code YCY,
"________________________________________________________________________________",,
MSRR9449 Insulating,Ibden Flecs,AS.40
materials,N2.3,
"",R-R code YDS,
"________________________________________________________________________________",,
MSRR9449 Insulating,Insulfrax paper,UK.351
materials,R-R code YTH,UK.436
"________________________________________________________________________________",,
MSRR9449 Insulating,Nextel AT30,UK.108
"materials, fibre",(312 Sewing,EU.96
"",thread),
"",R-R code JCT,
"________________________________________________________________________________",,
MSRR9449 Insulating,N62 Nylon,UK.645
materials,Taffeta,
"",LTO 13B,
"",R-R code WGY,
"________________________________________________________________________________",,
MSRR9450 Fluorocarbon,B363 (SG1.91),UK.244
rubber 75 IRHD,R-R code WAR,
"________________________________________________________________________________",,
MSRR9450 Fluorocarbon,2082 (SG1.91),UK.647
rubber 75 IRHD,,
""
""
""
""
""
""
""
""
""
""
""
""
""
"",
""
""
""
""
""
""
""
""
MSRR9476 Silicone rubber,B452LG (SG,UK.244
"",1.18),
"",DTD 5582 grade,
"",50,
"",R-R code WDS,
"________________________________________________________________________________",,
MSRR9476 Silicone rubber,12-142 (SG,UK.582
"",1.22),UK.648
"",DTD 5582 grade,
"",50,
"",R-R code WDS,
"________________________________________________________________________________",,
MSRR9481 Expanded Silicone Grade 515,,UK.430
Rubber Sponge,,
"________________________________________________________________________________",,
MSRR9482 Fluorocarbon,F8002 (1.85,UK.244
rubber 80 IRHD,MG/M3),
"",R-R code WDR,
"________________________________________________________________________________",,
MSRR9482 Fluorocarbon,2129 (1.86,UK.582
rubber 80 IRHD,MG/M3),UK.647
"",R-R code WDR,
"________________________________________________________________________________",,
MSRR9482 Fluorocarbon,V75,UK607
rubber 80 IRHD,R-R code WDR,
"________________________________________________________________________________",,
MSRR9486 Silicone rubber,B906 Cream (SG,UK.244
50 IRHD,1.18),
"",Not O-ring,
"",R-R code WBX,
"________________________________________________________________________________",,
MSRR9486 Silicone rubber,B908 Cream (SG,UK.244
50 IRHD,1.18),
"",R-R code WBX,
"________________________________________________________________________________",,
MSRR9486 Silicone rubber,B906ALG light,UK.244
50 IRHD,grey (SG 1.18),
"",R-R code WBX,
"________________________________________________________________________________",,
MSRR9486 Silicone rubber,B908LG light,UK.244
50 IRHD,grey (SG 1.18),
"",R-R code WBX,
MSRR9486 Silicone rubber,A2795 black (SG,UK.244,
50 IRHD,1.18),,
"",R-R code WBX,,
"_________________________________________________________________________________",,,
MSRR9486 Silicone rubber,B906AR red (SG,UK.244,
50 IRHD,1.18),,
"",Not O-rings,,
"",R-R code WBX,,
"_________________________________________________________________________________",,,
MSRR9486 Silicone rubber,B906ABK black,UK.244,
50 IRHD,(SG 1.18),,
"",Not O-rings,,
"",R-R code WBX,,
"_________________________________________________________________________________",,,
MSRR9486 Silicone rubber,8958 red (SG,UK.582,
50 IRHD,1.18 MG/M3),UK.647,
"_________________________________________________________________________________",,,
MSRR9486 Silicone rubber,S487 (SG 1.18),UK.244,
50 IRHD,Not O-rings,,
"_________________________________________________________________________________",,,
MSRR9486 Silicone rubber,12-389 light,UK.582,
50 IRHD,grey (SG 1.18),UK.648,
"",Not O-rings,,
"",R-R code WBX,,
"_________________________________________________________________________________",,,
MSRR9486 Silicone rubber,12-525,UK.648,
50 IRHD,R-R code WBX,,
"_________________________________________________________________________________",,,
MSRR9486 Silicone rubber,Compound 8693,UK.582,
50 IRHD,(Black O-rings),UK.647,
"",R-R code WBX,,
"_________________________________________________________________________________",,,
MSRR9487 Silicone Rubber,B910BK,UK.10,7/121B
Attrition lining,Silicone Rubber,UK.244,
40 IRHD,Moulding,,
"",40 IRHD,,
"",R-R code WBY,,
"",MSRR 9487,,
"_________________________________________________________________________________",,,
MSRR9487 Silicone rubber,910A grey (SG,UK.244,
40 IRHD,1.14 MG/M3),,
"",R-R code WBY,,
"_________________________________________________________________________________",,,
MSRR9487 Silicone rubber,12-112 grey,UK.582,
40 IRHD,(1.12 MG/M3),UK.648,
MSRR9487 Silicone rubber,B910 cream,UK.244
40 IRHD,R-R code WBY,
"________________________________________________________________________________",,
MSRR9487 Silicone rubber,B910ALG light,UK.244
40 IRHD,grey,
"",R-R code WBY,
"________________________________________________________________________________",,
MSRR9487 Silicone rubber,B910ABK black,UK.244
40 IRHD,R-R code WBY,
"________________________________________________________________________________",,
MSRR9487 Silicone rubber,S488 light grey,UK.244
40 IRDH,(SG 1.16),
"",Not O-rings,
"________________________________________________________________________________",,
MSRR9487 Silicone rubber,S488 black (SG,UK.244
40 IRHD,1.13),
"",Not O-rings,
"________________________________________________________________________________",,
MSRR9487 Silicone,12-459 black,UK.582
elastomer 40 IRHD (SG 1.12 MG/M3,,UK.648
"",R-R code WBY,
"________________________________________________________________________________",,
MSRR9488 Silicone rubber,B913A red (SG,UK.244
70 IRHD,1.22),
"",R-R code WCA,
"________________________________________________________________________________",,
MSRr9488 Silicone rubber,K7006 (SG 1.23,UK.244
70 IRHD,MG/M3),
"",R-R code WCA,
"________________________________________________________________________________",,
MSRR9488 Silicone rubber,12-348 (SG 1.23,UK.582
70 IRHD,MG/M3),UK.648
"________________________________________________________________________________",,
MSRR9488 Silicone rubber,S489 (SG 1.22),UK.244
70 IRHD,Not O-rings,
"________________________________________________________________________________",,
MSRR9489 Polyester,PF176,UK.244
"neoprene, two ply R-R code WDP",,
fabric,,
"________________________________________________________________________________",,
MSRR9490 Fluorocarbon,A927 (SG 1.89),UK.244
rubber 85 IRHD,R-R code WDQ,
"________________________________________________________________________________",,
MSRR9492 Silicone rubber,K7017(SG 1.19),UK.244
70 IRHD,R-R code WAF,
""
""
""
""
""
""
""
""
""
""
""
""
""
""
""
""
""
